UniqueID,GR_G14_GDP              A           ,GR_G14_XDC              A           
GR_G14_GDP              A           ,1.0,-0.7639238176474415
GR_G14_XDC              A           ,-0.7639238176474415,1.0
