,Year,SH_SAN_DEFECT,SH_SAN_HNDWSH_new
0,2012.0,6.0,76.0
1,2013.0,6.0,76.0
2,2014.0,5.0,77.0
3,2015.0,5.0,77.0
4,2016.0,4.0,77.0
5,2017.0,4.0,77.0
6,2018.0,3.0,77.0
7,2019.0,3.0,77.0
8,2020.0,2.0,77.39285714285717
9,2021.0,,77.53571428571433
