,Year,SG_DSR_SILN,SG_GOV_LOGV,SG_DSR_SILS_new
0,2012.0,0.0,0.0,0.0
1,2013.0,0.0,0.0,0.0
2,2014.0,0.0,0.0,0.0
3,2015.0,15.0,340.0,0.04412
4,2016.0,100.0,340.0,0.29412
5,2017.0,5.0,340.0,0.01471
6,2018.0,91.0,340.0,0.26765
7,2019.0,166.0,340.0,0.48824
8,2020.0,257.0,340.0,0.75588
9,2021.0,,,0.7501966666666533
