,Year,SH_ACS_UNHC_new
0,2012.0,59.99999999999977
1,2013.0,58.99999999999977
2,2014.0,57.99999999999977
3,2015.0,57.0
4,2016.0,55.99999999999977
5,2017.0,55.0
6,2018.0,53.99999999999977
7,2019.0,52.99999999999977
8,2020.0,51.99999999999977
9,2021.0,50.99999999999977
