,Year,SH_STA_STNTN,SH_STA_STNT_new
0,2012.0,8094.2,37.51999999999998
1,2013.0,8077.2,36.4
2,2014.0,8068.6,35.279999999999745
3,2015.0,8024.6,34.159999999999854
4,2016.0,8068.8,33.039999999999964
5,2017.0,7992.9,31.919999999999618
6,2018.0,7840.4,30.8
7,2019.0,7668.0,29.679999999999836
8,2020.0,7526.1,28.559999999999945
9,2021.0,,27.4399999999996
