,Year,SH_STA_TRAF_new
0,2012.0,13.049999999999955
1,2013.0,12.799999999999955
2,2014.0,12.549999999999955
3,2015.0,12.3
4,2016.0,12.049999999999955
5,2017.0,11.799999999999955
6,2018.0,11.549999999999955
7,2019.0,11.3
8,2020.0,11.049999999999955
9,2021.0,10.799999999999955
