Indicator,2.1.1,2.1.2
2.1.1,1.0,-0.8184894756122048
2.1.2,-0.8184894756122048,1.0
