Indicator,3.b.1,3.b.2
3.b.1,1.0,-0.06054089327147406
3.b.2,-0.06054089327147406,1.0
