Indicator,9.2.1,9.2.2
9.2.1,1.0,-0.8840559882902228
9.2.2,-0.8840559882902228,1.0
