Indicator,15.1.1,15.1.2
15.1.1,1.0,-3.902676601899332e-15
15.1.2,-3.902676601899332e-15,1.0
