Indicator,3.1.1,3.1.2
3.1.1,1.0,-0.9105796284602503
3.1.2,-0.9105796284602503,1.0
