Indicator,11.b.1,11.b.2
11.b.1,1.0,0.3000461499922425
11.b.2,0.3000461499922425,1.0
