Indicator,3.1.1,3.1.2
3.1.1,1.0,-0.9462366227062017
3.1.2,-0.9462366227062017,1.0
