Indicator,11.b.1,11.b.2
11.b.1,1.0,-0.6487478604263501
11.b.2,-0.6487478604263501,1.0
