Indicator,10.7.3,10.7.4
10.7.3,1.0,-0.016280529231711402
10.7.4,-0.016280529231711402,1.0
