Indicator,1.a.1,1.a.2
1.a.1,1.0,-0.5210331885338074
1.a.2,-0.5210331885338074,1.0
