Indicator,3.b.1,3.b.2
3.b.1,1.0,-0.6025679531718864
3.b.2,-0.6025679531718864,1.0
