Indicator,8.10.1,8.10.2
8.10.1,1.0,1.0000000000000002
8.10.2,1.0000000000000002,1.0
