Indicator,2.a.1,2.a.2
2.a.1,1.0,-0.46825974020963096
2.a.2,-0.46825974020963096,1.0
