Indicator,3.2.1,3.2.2
3.2.1,1.0,0.9995872361221066
3.2.2,0.9995872361221066,1.0
