Indicator,9.5.1,9.5.2
9.5.1,1.0,-0.8032708169304137
9.5.2,-0.8032708169304137,1.0
