Indicator,17.1.1,17.1.2
17.1.1,1.0,-0.5017038511350923
17.1.2,-0.5017038511350923,1.0
