Indicator,15.4.1,15.4.2
15.4.1,1.0,-0.9999999999999993
15.4.2,-0.9999999999999993,1.0
