Indicator,7.1.1,7.1.2
7.1.1,1.0,0.9659851502732226
7.1.2,0.9659851502732226,1.0
