Indicator,8.5.1,8.5.2
8.5.1,1.0,-1.000000000000001
8.5.2,-1.000000000000001,1.0
