Indicator,17.3.1,17.3.2
17.3.1,1.0,0.018242118088559325
17.3.2,0.018242118088559325,1.0
