Indicator,3.4.1,3.4.2
3.4.1,1.0,0.9999999999999978
3.4.2,0.9999999999999978,1.0
