Indicator,9.2.1,9.2.2
9.2.1,1.0,-0.8840559882902225
9.2.2,-0.8840559882902225,1.0
