Indicator,17.1.1,17.1.2
17.1.1,1.0,-0.5017038511350929
17.1.2,-0.5017038511350929,1.0
