UniqueID,SG_DSR_SILN                         ,SG_DSR_SILS                         ,SG_GOV_LOGV                         
SG_DSR_SILN                         ,1.0,0.9999999999763569,0.5752863397463125
SG_DSR_SILS                         ,0.9999999999763569,1.0,
SG_GOV_LOGV                         ,0.5752863397463125,,1.0
