UniqueID,TM_TRF_ZERO             AGR            ,TM_TRF_ZERO             ALP            ,TM_TRF_ZERO             ARM            ,TM_TRF_ZERO             CLO            ,TM_TRF_ZERO             IND            ,TM_TRF_ZERO             OIL            ,TM_TRF_ZERO             TEX            
TM_TRF_ZERO             AGR            ,1.0,0.0298058633564304,-0.8543627137410696,0.2021620425918931,-0.37064922537105693,,0.7731288685122452
TM_TRF_ZERO             ALP            ,0.0298058633564304,1.0,0.09600008224202546,0.7029731360001615,0.7900381380663619,,0.5177056801249416
TM_TRF_ZERO             ARM            ,-0.8543627137410696,0.09600008224202546,1.0,0.19732176564241174,0.178852985979761,,-0.43697735625004663
TM_TRF_ZERO             CLO            ,0.2021620425918931,0.7029731360001615,0.19732176564241174,1.0,0.1974220500048157,,0.7741570389644549
TM_TRF_ZERO             IND            ,-0.37064922537105693,0.7900381380663619,0.178852985979761,0.1974220500048157,1.0,,-0.05430606062789861
TM_TRF_ZERO             OIL            ,,,,,,,
TM_TRF_ZERO             TEX            ,0.7731288685122452,0.5177056801249416,-0.43697735625004663,0.7741570389644549,-0.05430606062789861,,1.0
