UniqueID,SE_ADT_EDUCTRN BOTHSEX                        ,SE_ADT_EDUCTRN FEMALE                        ,SE_ADT_EDUCTRN MALE                        
SE_ADT_EDUCTRN BOTHSEX                        ,1.0,0.9547807500271719,0.9403929306845074
SE_ADT_EDUCTRN FEMALE                        ,0.9547807500271719,1.0,0.7970983401589405
SE_ADT_EDUCTRN MALE                        ,0.9403929306845074,0.7970983401589405,1.0
