UniqueID,ER_FFS_CMPT                         ,ER_FFS_CMPT_GDP                         ,ER_FFS_CMPT_PC                         
ER_FFS_CMPT                         ,1.0,0.980061027246821,0.9973909250818423
ER_FFS_CMPT_GDP                         ,0.980061027246821,1.0,0.991787159548122
ER_FFS_CMPT_PC                         ,0.9973909250818423,0.991787159548122,1.0
