Year,SE_ADT_EDUCTRN
2012.0,0.82719
2013.0,0.7909999999999999
2014.0,0.7637
2015.0,
2016.0,
2017.0,
2018.0,
2019.0,
2020.0,
2021.0,
