Year,GB_XPD_RSDV
2012.0,
2013.0,0.0847
2014.0,
2015.0,
2016.0,0.24535
2017.0,0.23805
2018.0,0.22633000000000006
2019.0,
2020.0,
2021.0,
