Year,SD_XPD_ESED
2012.0,18.09042
2013.0,17.60393
2014.0,17.67152
2015.0,20.5033
2016.0,
2017.0,
2018.0,
2019.0,
2020.0,
2021.0,
