Year,SE_PRE_PARTN
2012.0,99.15405
2013.0,99.44986
2014.0,99.24812
2015.0,
2016.0,95.55287
2017.0,96.03033
2018.0,95.7982
2019.0,
2020.0,
2021.0,
