Year,GB_POP_SCIERD
2012.0,
2013.0,
2014.0,
2015.0,
2016.0,178.87538999999995
2017.0,215.19041
2018.0,215.99355
2019.0,
2020.0,
2021.0,
