Year,EN_SCP_FSHGDP
2012.0,
2013.0,0.06089
2014.0,
2015.0,0.04997
2016.0,
2017.0,0.0444
2018.0,
2019.0,
2020.0,
2021.0,
