Year,IT_USE_ii99
2012.0,16.0
2013.0,19.7
2014.0,23.4
2015.0,28.805940000000003
2016.0,34.50933
2017.0,40.70305
2018.0,
2019.0,
2020.0,
2021.0,
