Year,SE_ADT_EDUCTRN
2012.0,3.09817
2013.0,3.36377
2014.0,
2015.0,
2016.0,2.6787400000000003
2017.0,2.60555
2018.0,
2019.0,
2020.0,
2021.0,
