Indicator,15.1.1,15.1.2
15.1.1,1.0,-6.405850804020085e-15
15.1.2,-6.405850804020085e-15,1.0
