Indicator,15.4.1,15.4.2
15.4.1,1.0,-1.000000000000256
15.4.2,-1.000000000000256,1.0
