Indicator,17.3.1,17.3.2
17.3.1,1.0,-0.9374853235440627
17.3.2,-0.9374853235440627,1.0
