Indicator,2.1.1,2.1.2
2.1.1,1.0,-0.010370336088904359
2.1.2,-0.010370336088904359,1.0
