Indicator,9.5.1,9.5.2
9.5.1,1.0,0.37742343084434654
9.5.2,0.37742343084434654,1.0
