Indicator,3.2.1,3.2.2
3.2.1,1.0,0.99723373072758
3.2.2,0.99723373072758,1.0
