Indicator,9.5.1,9.5.2
9.5.1,1.0,0.3774234308443451
9.5.2,0.3774234308443451,1.0
