Indicator,3.4.1,3.4.2
3.4.1,1.0,1.0000000000000002
3.4.2,1.0000000000000002,1.0
