Indicator,2.a.1,2.a.2
2.a.1,1.0,0.09798782779398442
2.a.2,0.09798782779398442,1.0
