Indicator,2.1.1,2.1.2
2.1.1,1.0,-0.01037033608890572
2.1.2,-0.01037033608890572,1.0
