Indicator,7.1.1,7.1.2
7.1.1,1.0,0.8987729153247186
7.1.2,0.8987729153247186,1.0
