Indicator,3.1.1,3.1.2
3.1.1,1.0,-0.9462366227062011
3.1.2,-0.9462366227062011,1.0
