Indicator,2.a.1,2.a.2
2.a.1,1.0,0.09798782779398471
2.a.2,0.09798782779398471,1.0
