Indicator,17.1.1,17.1.2
17.1.1,1.0,-0.06362760844296093
17.1.2,-0.06362760844296093,1.0
