Indicator,3.2.1,3.2.2
3.2.1,1.0,0.9972337307275796
3.2.2,0.9972337307275796,1.0
