Indicator,9.2.1,9.2.2
9.2.1,1.0,-0.5286400860561539
9.2.2,-0.5286400860561539,1.0
