Indicator,11.5.1,11.5.2
11.5.1,1.0,0.9999999999999998
11.5.2,0.9999999999999998,1.0
