Indicator,10.7.3,10.7.4
10.7.3,1.0,0.3382197310166614
10.7.4,0.3382197310166614,1.0
