Indicator,8.10.1,8.10.2
8.10.1,1.0,0.9999999999999974
8.10.2,0.9999999999999974,1.0
