Indicator,1.a.1,1.a.2
1.a.1,1.0,-0.04815887596480198
1.a.2,-0.04815887596480198,1.0
