Year,SG_DSR_SILS,SG_DSR_SILN,SG_GOV_LOGV
2012.0,,0.0,0.0
2013.0,,0.0,0.0
2014.0,,0.0,0.0
2015.0,0.04412,15.0,340.0
2016.0,0.29412,100.0,340.0
2017.0,0.01471,5.0,340.0
2018.0,0.26765,91.0,340.0
2019.0,0.48824,166.0,340.0
2020.0,0.75588,257.0,340.0
2021.0,,,
