UniqueID,TimePeriod,VC_DSR_AGLH                         ,VC_DSR_CHLN                         ,VC_DSR_CILN                         ,VC_DSR_DDPA                         ,VC_DSR_GDPLS                         ,VC_DSR_HOLH                         ,VC_DSR_LSGP                         
TimePeriod,1.0,0.5163696881787561,,-0.0019164392975260826,,0.4652667542874661,-0.44157947898919525,0.3653938115737479
VC_DSR_AGLH                         ,0.5163696881787561,1.0,,-0.5223109339347934,,0.7003706367063393,-0.8517042629625201,0.7000971796245248
VC_DSR_CHLN                         ,,,,,,,,
VC_DSR_CILN                         ,-0.0019164392975260826,-0.5223109339347934,,1.0,,-0.3516068302075393,-0.4902614482386435,-0.41133657110822397
VC_DSR_DDPA                         ,,,,,,,,
VC_DSR_GDPLS                         ,0.4652667542874661,0.7003706367063393,,-0.3516068302075393,,1.0,-0.03230063373387242,0.9893678226332335
VC_DSR_HOLH                         ,-0.44157947898919525,-0.8517042629625201,,-0.4902614482386435,,-0.03230063373387242,1.0,0.0952350206534421
VC_DSR_LSGP                         ,0.3653938115737479,0.7000971796245248,,-0.41133657110822397,,0.9893678226332335,0.0952350206534421,1.0
