UniqueID,TimePeriod,SL_EMP_PCAP                         
TimePeriod,1.0,0.06618962848248654
SL_EMP_PCAP                         ,0.06618962848248654,1.0
