UniqueID,TimePeriod,AG_PRD_AGVAS              A           ,AG_PRD_ORTIND              A           ,AG_XPD_AGSGB              A           
TimePeriod,1.0,-0.9746824999699429,-0.8118722437709037,-0.8586440852574556
AG_PRD_AGVAS              A           ,-0.9746824999699429,1.0,0.7933020632415105,0.8444738224052037
AG_PRD_ORTIND              A           ,-0.8118722437709037,0.7933020632415105,1.0,0.9958232138985256
AG_XPD_AGSGB              A           ,-0.8586440852574556,0.8444738224052037,0.9958232138985256,1.0
