UniqueID,TimePeriod,IT_USE_ii99                         
TimePeriod,1.0,0.9940187491684859
IT_USE_ii99                         ,0.9940187491684859,1.0
