UniqueID,TimePeriod,NY_GDP_PCAP                         
TimePeriod,1.0,0.03437810859851402
NY_GDP_PCAP                         ,0.03437810859851402,1.0
