UniqueID,TimePeriod,AG_LND_FRSTBIOPHA                         ,AG_LND_FRSTCERT                         ,AG_LND_FRSTCHG                         ,AG_LND_FRSTMGT                         ,AG_LND_FRSTPRCT                         
TimePeriod,1.0,,0.2162047927130042,,-0.724192796022674,-0.8608357780994462
AG_LND_FRSTBIOPHA                         ,,,,,,
AG_LND_FRSTCERT                         ,0.2162047927130042,,1.0,,0.1808919945664605,-0.3855864653748033
AG_LND_FRSTCHG                         ,,,,,,
AG_LND_FRSTMGT                         ,-0.724192796022674,,0.1808919945664605,,1.0,0.2770566449416641
AG_LND_FRSTPRCT                         ,-0.8608357780994462,,-0.3855864653748033,,0.2770566449416641,1.0
