UniqueID,AG_PRD_FIESMS BOTHSEX                 ALLAGE       ,AG_PRD_FIESMSN BOTHSEX             A    ALLAGE       ,AG_PRD_FIESS BOTHSEX             A    ALLAGE       ,AG_PRD_FIESSN BOTHSEX             A    ALLAGE       
AG_PRD_FIESMS BOTHSEX                 ALLAGE       ,1.0,0.9854482548914465,0.9449981204781948,0.9252828079085511
AG_PRD_FIESMSN BOTHSEX             A    ALLAGE       ,0.9854482548914465,1.0,0.9843792943693804,0.9752817401263294
AG_PRD_FIESS BOTHSEX             A    ALLAGE       ,0.9449981204781948,0.9843792943693804,1.0,0.9975047673124743
AG_PRD_FIESSN BOTHSEX             A    ALLAGE       ,0.9252828079085511,0.9752817401263294,0.9975047673124743,1.0
