UniqueID,EN_ATM_CO2                     ISIC4_C10T32X19    ,EN_ATM_CO2                     TOTAL    ,EN_ATM_CO2GDP                         ,EN_ATM_CO2MVA                     ISIC4_C    
EN_ATM_CO2                     ISIC4_C10T32X19    ,1.0,0.9312283016863491,0.950906506541431,0.43054931618828196
EN_ATM_CO2                     TOTAL    ,0.9312283016863491,1.0,0.9727993930922328,0.11500013068524927
EN_ATM_CO2GDP                         ,0.950906506541431,0.9727993930922328,1.0,0.30761050631457776
EN_ATM_CO2MVA                     ISIC4_C    ,0.43054931618828196,0.11500013068524927,0.30761050631457776,1.0
