UniqueID,TimePeriod,AG_PRD_AGVAS              A           ,AG_PRD_ORTIND              A           ,AG_XPD_AGSGB              A           
TimePeriod,1.0,-0.9746824999699433,-0.8118722437709036,-0.8586440852574557
AG_PRD_AGVAS              A           ,-0.9746824999699433,1.0,0.7933020632415103,0.8444738224052039
AG_PRD_ORTIND              A           ,-0.8118722437709036,0.7933020632415103,1.0,0.9958232138985257
AG_XPD_AGSGB              A           ,-0.8586440852574557,0.8444738224052039,0.9958232138985257,1.0
