UniqueID,TimePeriod,IT_NET_BBND      ANYS                   ,IT_NET_BBNDN      ANYS                   
TimePeriod,1.0,0.9607405050796722,0.9776845880026763
IT_NET_BBND      ANYS                   ,0.9607405050796722,1.0,0.997539768503266
IT_NET_BBNDN      ANYS                   ,0.9776845880026763,0.997539768503266,1.0
