UniqueID,SH_DYN_IMRT BOTHSEX                 <1Y       ,SH_DYN_IMRTN BOTHSEX                 <1Y       ,SH_DYN_MORT BOTHSEX                 <5Y       ,SH_DYN_MORTN BOTHSEX                 <5Y       
SH_DYN_IMRT BOTHSEX                 <1Y       ,1.0,0.9999785253376751,0.9998539390420275,0.9998645352257434
SH_DYN_IMRTN BOTHSEX                 <1Y       ,0.9999785253376751,1.0,0.9999027736171836,0.9999350797552964
SH_DYN_MORT BOTHSEX                 <5Y       ,0.9998539390420275,0.9999027736171836,1.0,0.9999326238322807
SH_DYN_MORTN BOTHSEX                 <5Y       ,0.9998645352257434,0.9999350797552964,0.9999326238322807,1.0
