UniqueID,TimePeriod,VC_DSR_AGLH                         ,VC_DSR_CHLN                         ,VC_DSR_CILN                         ,VC_DSR_DDPA                         ,VC_DSR_GDPLS                         ,VC_DSR_HOLH                         ,VC_DSR_LSGP                         
TimePeriod,1.0,0.5163696881787612,,-0.0019164392975273455,,0.4652667542874661,-0.44157947898919525,0.36539381157374795
VC_DSR_AGLH                         ,0.5163696881787612,1.0,,-0.5223109339347933,,0.700370636706339,-0.85170426296252,0.7000971796245248
VC_DSR_CHLN                         ,,,,,,,,
VC_DSR_CILN                         ,-0.0019164392975273455,-0.5223109339347933,,1.0,,-0.35160683020753936,-0.4902614482386435,-0.41133657110822397
VC_DSR_DDPA                         ,,,,,,,,
VC_DSR_GDPLS                         ,0.4652667542874661,0.700370636706339,,-0.35160683020753936,,1.0,-0.032300633733872444,0.9893678226332339
VC_DSR_HOLH                         ,-0.44157947898919525,-0.85170426296252,,-0.4902614482386435,,-0.032300633733872444,1.0,0.0952350206534421
VC_DSR_LSGP                         ,0.36539381157374795,0.7000971796245248,,-0.41133657110822397,,0.9893678226332339,0.0952350206534421,1.0
