UniqueID,TimePeriod,TM_TRF_ZERO             AGR            ,TM_TRF_ZERO             ALP            ,TM_TRF_ZERO             ARM            ,TM_TRF_ZERO             CLO            ,TM_TRF_ZERO             IND            ,TM_TRF_ZERO             OIL            ,TM_TRF_ZERO             TEX            
TimePeriod,1.0,-0.9420921436190448,0.09673528725943825,0.7071067811865475,-0.14461441607185538,0.5403108373011852,,-0.6891266389303069
TM_TRF_ZERO             AGR            ,-0.9420921436190448,1.0,0.02980586335642794,-0.8543627137410698,0.20216204259189355,-0.37064922537105865,,0.773128868512243
TM_TRF_ZERO             ALP            ,0.09673528725943825,0.02980586335642794,1.0,0.0960000822420253,0.7029731360001624,0.7900381380663606,,0.5177056801249431
TM_TRF_ZERO             ARM            ,0.7071067811865475,-0.8543627137410698,0.0960000822420253,1.0,0.19732176564241058,0.1788529859797611,,-0.4369773562500456
TM_TRF_ZERO             CLO            ,-0.14461441607185538,0.20216204259189355,0.7029731360001624,0.19732176564241058,1.0,0.19742205000481594,,0.7741570389644543
TM_TRF_ZERO             IND            ,0.5403108373011852,-0.37064922537105865,0.7900381380663606,0.1788529859797611,0.19742205000481594,1.0,,-0.054306060627896176
TM_TRF_ZERO             OIL            ,,,,,,,,
TM_TRF_ZERO             TEX            ,-0.6891266389303069,0.773128868512243,0.5177056801249431,-0.4369773562500456,0.7741570389644543,-0.054306060627896176,,1.0
