UniqueID,SL_TLF_NEET BOTHSEX                 15-24       ,SL_TLF_NEET FEMALE                 15-24       ,SL_TLF_NEET MALE                 15-24       
SL_TLF_NEET BOTHSEX                 15-24       ,1.0,0.9129027256391681,0.7465207513156102
SL_TLF_NEET FEMALE                 15-24       ,0.9129027256391681,1.0,0.41836172568821717
SL_TLF_NEET MALE                 15-24       ,0.7465207513156102,0.41836172568821717,1.0
