UniqueID,TimePeriod,ER_H2O_WUEYST                     INDUSTRIES    ,ER_H2O_WUEYST                     ISIC4_A01_A0210_A0322    ,ER_H2O_WUEYST                     ISIC4_GTT    ,ER_H2O_WUEYST                     TOTAL    
TimePeriod,1.0,0.8850164310859361,0.8834162101060659,0.9987027797724352,0.9982108538621228
ER_H2O_WUEYST                     INDUSTRIES    ,0.8850164310859361,1.0,0.9478955998594536,0.8788440946689926,0.904697752456344
ER_H2O_WUEYST                     ISIC4_A01_A0210_A0322    ,0.8834162101060659,0.9478955998594536,1.0,0.8655856819301249,0.8891911740548158
ER_H2O_WUEYST                     ISIC4_GTT    ,0.9987027797724352,0.8788440946689926,0.8655856819301249,1.0,0.9983206236502763
ER_H2O_WUEYST                     TOTAL    ,0.9982108538621228,0.904697752456344,0.8891911740548158,0.9983206236502763,1.0
