UniqueID,TimePeriod,FB_BNK_ACCSS BOTHSEX                 15+       ,FB_BNK_ACCSS FEMALE                 15+       ,FB_BNK_ACCSS MALE                 15+       
TimePeriod,1.0,0.9999999999999987,1.0,-1.0000000000000016
FB_BNK_ACCSS BOTHSEX                 15+       ,0.9999999999999987,1.0,1.000000000000001,-1.0000000000000029
FB_BNK_ACCSS FEMALE                 15+       ,1.0,1.000000000000001,1.0,-1.0000000000000013
FB_BNK_ACCSS MALE                 15+       ,-1.0000000000000016,-1.0000000000000029,-1.0000000000000013,1.0
