UniqueID,TimePeriod,NY_GDP_PCAP                         
TimePeriod,1.0,0.034378108598514236
NY_GDP_PCAP                         ,0.034378108598514236,1.0
