UniqueID,GR_G14_GDP              A           ,GR_G14_XDC              A           
GR_G14_GDP              A           ,1.0,-0.1080062979452105
GR_G14_XDC              A           ,-0.1080062979452105,1.0
