UniqueID,TimePeriod,IC_GEN_MGTL FEMALE                        ,IC_GEN_MGTN FEMALE                        
TimePeriod,1.0,-0.4077594551804513,0.3937674790660922
IC_GEN_MGTL FEMALE                        ,-0.4077594551804513,1.0,0.5093561831090148
IC_GEN_MGTN FEMALE                        ,0.3937674790660922,0.5093561831090148,1.0
