UniqueID,TimePeriod,SH_STA_TRAF BOTHSEX                        ,SH_STA_TRAF FEMALE                        ,SH_STA_TRAF MALE                        
TimePeriod,1.0,1.0,1.0000000000000002,1.0
SH_STA_TRAF BOTHSEX                        ,1.0,1.0,1.0000000000000002,1.0
SH_STA_TRAF FEMALE                        ,1.0000000000000002,1.0000000000000002,1.0,0.9999999999999998
SH_STA_TRAF MALE                        ,1.0,1.0,0.9999999999999998,1.0
