UniqueID,TimePeriod,SG_DSR_SILN                         ,SG_DSR_SILS                         ,SG_GOV_LOGV                         
TimePeriod,1.0,0.8439041394409688,0.8404376423734854,0.8215838362577491
SG_DSR_SILN                         ,0.8439041394409688,1.0,0.9999999999763571,0.5752863397463126
SG_DSR_SILS                         ,0.8404376423734854,0.9999999999763571,1.0,
SG_GOV_LOGV                         ,0.8215838362577491,0.5752863397463126,,1.0
