UniqueID,TimePeriod,SM_DTH_MIGR                         
TimePeriod,1.0,0.35575623676894264
SM_DTH_MIGR                         ,0.35575623676894264,1.0
