UniqueID,TimePeriod,EN_ATM_PM25          ALLAREA               ,EN_ATM_PM25          RURAL               ,EN_ATM_PM25          URBAN               
TimePeriod,1.0,-0.8067388356958598,-0.8118277668234704,-0.8010036511969733
EN_ATM_PM25          ALLAREA               ,-0.8067388356958598,1.0,0.999856220205281,0.9997697700130775
EN_ATM_PM25          RURAL               ,-0.8118277668234704,0.999856220205281,1.0,0.9992709809763378
EN_ATM_PM25          URBAN               ,-0.8010036511969733,0.9997697700130775,0.9992709809763378,1.0
