UniqueID,TimePeriod,SE_PRE_PARTN BOTHSEX                        ,SE_PRE_PARTN FEMALE                        ,SE_PRE_PARTN MALE                        
TimePeriod,1.0,0.9312330078477195,0.9268297702405728,0.9338936720050912
SE_PRE_PARTN BOTHSEX                        ,0.9312330078477195,1.0,0.9991340700135266,0.99924218056617
SE_PRE_PARTN FEMALE                        ,0.9268297702405728,0.9991340700135266,1.0,0.9967574181668347
SE_PRE_PARTN MALE                        ,0.9338936720050912,0.99924218056617,0.9967574181668347,1.0
