UniqueID,TimePeriod,SP_ACS_BSRVH2O          ALLAREA               ,SP_ACS_BSRVH2O          RURAL               ,SP_ACS_BSRVH2O          URBAN               ,SP_ACS_BSRVSAN          ALLAREA               ,SP_ACS_BSRVSAN          RURAL               ,SP_ACS_BSRVSAN          URBAN               
TimePeriod,1.0,0.9690874237046981,0.9802460675469078,0.7245688373094703,0.9341987329938278,0.9689627902499081,-0.5477225575051652
SP_ACS_BSRVH2O          ALLAREA               ,0.9690874237046981,1.0,0.967535694273392,0.7801894976054913,0.9116071895198011,0.9028938981432683,-0.5160468465421383
SP_ACS_BSRVH2O          RURAL               ,0.9802460675469078,0.967535694273392,1.0,0.778924058606246,0.9249945801257605,0.929895629817099,-0.5152098373193076
SP_ACS_BSRVH2O          URBAN               ,0.7245688373094703,0.7801894976054913,0.778924058606246,1.0,0.8058229640253828,0.6943650748294136,-0.6614378277661477
SP_ACS_BSRVSAN          ALLAREA               ,0.9341987329938278,0.9116071895198011,0.9249945801257605,0.8058229640253828,1.0,0.9139076937674125,-0.5330017908890251
SP_ACS_BSRVSAN          RURAL               ,0.9689627902499081,0.9028938981432683,0.929895629817099,0.6943650748294136,0.9139076937674125,1.0,-0.6123724356957931
SP_ACS_BSRVSAN          URBAN               ,-0.5477225575051652,-0.5160468465421383,-0.5152098373193076,-0.6614378277661477,-0.5330017908890251,-0.6123724356957931,1.0
