UniqueID,TimePeriod,SE_ADT_EDUCTRN BOTHSEX                        ,SE_ADT_EDUCTRN FEMALE                        ,SE_ADT_EDUCTRN MALE                        
TimePeriod,1.0,-0.8834230497852802,-0.7074702831016904,-0.9829780093277912
SE_ADT_EDUCTRN BOTHSEX                        ,-0.8834230497852802,1.0,0.9547807500271719,0.9403929306845068
SE_ADT_EDUCTRN FEMALE                        ,-0.7074702831016904,0.9547807500271719,1.0,0.7970983401589399
SE_ADT_EDUCTRN MALE                        ,-0.9829780093277912,0.9403929306845068,0.7970983401589399,1.0
