UniqueID,SL_TLF_UEM BOTHSEX                 15+       ,SL_TLF_UEM BOTHSEX                 15-24       ,SL_TLF_UEM BOTHSEX                 25+       ,SL_TLF_UEM FEMALE                 15+       ,SL_TLF_UEM FEMALE                 15-24       ,SL_TLF_UEM FEMALE                 25+       ,SL_TLF_UEM MALE                 15+       ,SL_TLF_UEM MALE                 15-24       ,SL_TLF_UEM MALE                 25+       
SL_TLF_UEM BOTHSEX                 15+       ,1.0,-0.036397583164245524,0.8780061438246907,0.25097415617795144,-0.8584404577455411,0.8380057947760858,0.973588790874177,0.7566052976686714,0.8109853994861905
SL_TLF_UEM BOTHSEX                 15-24       ,-0.036397583164245524,1.0,-0.5029851011471892,0.2439836117813928,0.43816445471495774,-0.37349223961686023,0.11240139017962375,0.5392543103441737,-0.38592835771115835
SL_TLF_UEM BOTHSEX                 25+       ,0.8780061438246907,-0.5029851011471892,1.0,0.08084520834544429,-0.9639736540158971,0.9070089677484316,0.7867957924694432,0.4104373050320927,0.8787136165175524
SL_TLF_UEM FEMALE                 15+       ,0.25097415617795144,0.2439836117813928,0.08084520834544429,1.0,-0.21513341025324137,0.463533472409967,0.13211031413252336,0.5400882004280342,-0.2937591126138128
SL_TLF_UEM FEMALE                 15-24       ,-0.8584404577455411,0.43816445471495774,-0.9639736540158971,-0.21513341025324137,1.0,-0.959220697322436,-0.7434971263055379,-0.511558803692493,-0.7471144648233381
SL_TLF_UEM FEMALE                 25+       ,0.8380057947760858,-0.37349223961686023,0.9070089677484316,0.463533472409967,-0.959220697322436,1.0,0.6999071695650475,0.5711350826262181,0.6115983576833405
SL_TLF_UEM MALE                 15+       ,0.973588790874177,0.11240139017962375,0.7867957924694432,0.13211031413252336,-0.7434971263055379,0.6999071695650475,1.0,0.7753499437536078,0.8149807815807428
SL_TLF_UEM MALE                 15-24       ,0.7566052976686714,0.5392543103441737,0.4104373050320927,0.5400882004280342,-0.511558803692493,0.5711350826262181,0.7753499437536078,1.0,0.2781143381546898
SL_TLF_UEM MALE                 25+       ,0.8109853994861905,-0.38592835771115835,0.8787136165175524,-0.2937591126138128,-0.7471144648233381,0.6115983576833405,0.8149807815807428,0.2781143381546898,1.0
