UniqueID,TimePeriod,VC_IHR_PSRC FEMALE                        ,VC_IHR_PSRC MALE                        ,VC_IHR_PSRCN FEMALE                        ,VC_IHR_PSRCN MALE                        
TimePeriod,1.0,0.1015232681266029,0.5862528922159678,0.551467614143404,0.6574987350808474
VC_IHR_PSRC FEMALE                        ,0.1015232681266029,1.0,0.055511254629024676,0.8858698880508649,0.2203819762539027
VC_IHR_PSRC MALE                        ,0.5862528922159678,0.055511254629024676,1.0,-0.4048048066321886,0.9958526163284882
VC_IHR_PSRCN FEMALE                        ,0.551467614143404,0.8858698880508649,-0.4048048066321886,1.0,-0.22458028247869008
VC_IHR_PSRCN MALE                        ,0.6574987350808474,0.2203819762539027,0.9958526163284882,-0.22458028247869008,1.0
