UniqueID,TimePeriod,SG_GEN_LOCGELS FEMALE                        ,SG_GEN_PARL FEMALE                        ,SG_GEN_PARLN FEMALE                        ,SG_GEN_PARLNT BOTHSEX                        
TimePeriod,1.0,1.000000000000001,0.7640033366830277,0.7665432375357257,
SG_GEN_LOCGELS FEMALE                        ,1.000000000000001,1.0,0.999999999999999,0.999999999999999,
SG_GEN_PARL FEMALE                        ,0.7640033366830277,0.999999999999999,1.0,0.9997547195045118,
SG_GEN_PARLN FEMALE                        ,0.7665432375357257,0.999999999999999,0.9997547195045118,1.0,
SG_GEN_PARLNT BOTHSEX                        ,,,,,
