UniqueID,SH_ALC_CONSPT BOTHSEX             A    15+       ,SH_ALC_CONSPT FEMALE             A    15+       ,SH_ALC_CONSPT MALE             A    15+       
SH_ALC_CONSPT BOTHSEX             A    15+       ,1.0,1.0000000000000004,1.000000000000001
SH_ALC_CONSPT FEMALE             A    15+       ,1.0000000000000004,1.0,1.0000000000000004
SH_ALC_CONSPT MALE             A    15+       ,1.000000000000001,1.0000000000000004,1.0
