UniqueID,AG_PRD_AGVAS              A           ,AG_PRD_ORTIND              A           ,AG_XPD_AGSGB              A           
AG_PRD_AGVAS              A           ,1.0,-0.7297432133746606,-0.7011484787872787
AG_PRD_ORTIND              A           ,-0.7297432133746606,1.0,0.9991095326328978
AG_XPD_AGSGB              A           ,-0.7011484787872787,0.9991095326328978,1.0
