UniqueID,SH_STA_ANEM FEMALE                 15-49       ,SH_STA_ANEM_NPRG FEMALE                 15-49       ,SH_STA_ANEM_PREG FEMALE                 15-49       
SH_STA_ANEM FEMALE                 15-49       ,1.0,0.99979684670451,0.9893106046849007
SH_STA_ANEM_NPRG FEMALE                 15-49       ,0.99979684670451,1.0,0.9912784738210434
SH_STA_ANEM_PREG FEMALE                 15-49       ,0.9893106046849007,0.9912784738210434,1.0
