UniqueID,SL_ISV_IFEM BOTHSEX                    ISIC4_A    ,SL_ISV_IFEM BOTHSEX                    NONAGR    ,SL_ISV_IFEM BOTHSEX                    TOTAL    ,SL_ISV_IFEM FEMALE                    ISIC4_A    ,SL_ISV_IFEM FEMALE                    NONAGR    ,SL_ISV_IFEM FEMALE                    TOTAL    ,SL_ISV_IFEM MALE                    ISIC4_A    ,SL_ISV_IFEM MALE                    NONAGR    ,SL_ISV_IFEM MALE                    TOTAL    
SL_ISV_IFEM BOTHSEX                    ISIC4_A    ,1.0,0.9703176264408874,0.9781438169272363,0.9730323027961714,0.9682508024178743,0.9701691230506255,0.9997409854686123,0.9791298271598385,0.9804378216187022
SL_ISV_IFEM BOTHSEX                    NONAGR    ,0.9703176264408874,1.0,0.9986474256118799,0.8946377187634599,0.9997112760764286,0.9997407994126757,0.971403997620868,0.9991268396192731,0.997986116930985
SL_ISV_IFEM BOTHSEX                    TOTAL    ,0.9781438169272363,0.9986474256118799,1.0,0.9060323965729471,0.9972633808414306,0.9992175752616776,0.9798119124270201,0.9988472138762031,0.9999202694658346
SL_ISV_IFEM FEMALE                    ISIC4_A    ,0.9730323027961714,0.8946377187634599,0.9060323965729471,1.0,0.8936027073178623,0.8921719615196368,0.9693020207711035,0.9124925771833007,0.9103460110327949
SL_ISV_IFEM FEMALE                    NONAGR    ,0.9682508024178743,0.9997112760764286,0.9972633808414306,0.8936027073178623,1.0,0.9989285414761735,0.9688722133566254,0.998823452398869,0.9964344959635398
SL_ISV_IFEM FEMALE                    TOTAL    ,0.9701691230506255,0.9997407994126757,0.9992175752616776,0.8921719615196368,0.9989285414761735,1.0,0.9717554228692754,0.9986059417435539,0.9986393442679737
SL_ISV_IFEM MALE                    ISIC4_A    ,0.9997409854686123,0.971403997620868,0.9798119124270201,0.9693020207711035,0.9688722133566254,0.9717554228692754,1.0,0.9797278431446769,0.9821146745389883
SL_ISV_IFEM MALE                    NONAGR    ,0.9791298271598385,0.9991268396192731,0.9988472138762031,0.9124925771833007,0.998823452398869,0.9986059417435539,0.9797278431446769,1.0,0.9986295066283399
SL_ISV_IFEM MALE                    TOTAL    ,0.9804378216187022,0.997986116930985,0.9999202694658346,0.9103460110327949,0.9964344959635398,0.9986393442679737,0.9821146745389883,0.9986295066283399,1.0
