UniqueID,SP_ACS_BSRVH2O          ALLAREA               ,SP_ACS_BSRVH2O          RURAL               ,SP_ACS_BSRVH2O          URBAN               ,SP_ACS_BSRVSAN          ALLAREA               ,SP_ACS_BSRVSAN          RURAL               ,SP_ACS_BSRVSAN          URBAN               
SP_ACS_BSRVH2O          ALLAREA               ,1.0,0.989762410697451,0.9439513024000137,0.9918968207883684,0.9863495675878812,0.9880567125247206
SP_ACS_BSRVH2O          RURAL               ,0.989762410697451,1.0,0.9709131855079028,0.9992600812897369,0.9992391870586647,0.9974583994130393
SP_ACS_BSRVH2O          URBAN               ,0.9439513024000137,0.9709131855079028,1.0,0.96620221752909,0.9730145191890887,0.9655128794080865
SP_ACS_BSRVSAN          ALLAREA               ,0.9918968207883684,0.9992600812897369,0.96620221752909,1.0,0.9982710798949388,0.9963024491794387
SP_ACS_BSRVSAN          RURAL               ,0.9863495675878812,0.9992391870586647,0.9730145191890887,0.9982710798949388,1.0,0.9981212532440839
SP_ACS_BSRVSAN          URBAN               ,0.9880567125247206,0.9974583994130393,0.9655128794080865,0.9963024491794387,0.9981212532440839,1.0
