UniqueID,IT_NET_BBND      10MBPS                   ,IT_NET_BBND      256KT2MBPS                   ,IT_NET_BBND      2MT10MBPS                   ,IT_NET_BBND      ANYS                   ,IT_NET_BBNDN      10MBPS                   ,IT_NET_BBNDN      256KT2MBPS                   ,IT_NET_BBNDN      2MT10MBPS                   ,IT_NET_BBNDN      ANYS                   
IT_NET_BBND      10MBPS                   ,1.0,-0.7135079615833687,-0.8509837846513469,0.9055058427990281,0.9999997770103405,-0.701862353793375,-0.843644516181131,0.9113665014416038
IT_NET_BBND      256KT2MBPS                   ,-0.7135079615833687,1.0,0.23920946828320291,-0.34877737686989885,-0.7139757063922779,0.9998641482454194,0.2257681255616521,-0.36188384439080323
IT_NET_BBND      2MT10MBPS                   ,-0.8509837846513469,0.23920946828320291,1.0,-0.9934274874268756,-0.8506328628780416,0.2231726306925915,0.9999045032053102,-0.9917249192553725
IT_NET_BBND      ANYS                   ,0.9055058427990281,-0.34877737686989885,-0.9934274874268756,1.0,0.9052222636470829,-0.33328215531957534,-0.9917507695179623,0.9999658721829656
IT_NET_BBNDN      10MBPS                   ,0.9999997770103405,-0.7139757063922779,-0.8506328628780416,0.9052222636470829,1.0,-0.7023378915998523,-0.8432857757778012,0.91109142763109
IT_NET_BBNDN      256KT2MBPS                   ,-0.701862353793375,0.9998641482454194,0.2231726306925915,-0.33328215531957534,-0.7023378915998523,1.0,0.20968015318509198,-0.3464689667055774
IT_NET_BBNDN      2MT10MBPS                   ,-0.843644516181131,0.2257681255616521,0.9999045032053102,-0.9917507695179623,-0.8432857757778012,0.20968015318509198,1.0,-0.9898560239376321
IT_NET_BBNDN      ANYS                   ,0.9113665014416038,-0.36188384439080323,-0.9917249192553725,0.9999658721829656,0.91109142763109,-0.3464689667055774,-0.9898560239376321,1.0
