UniqueID,SE_ADT_ACTS BOTHSEX       ARSP                 ,SE_ADT_ACTS BOTHSEX       CMFL                 ,SE_ADT_ACTS BOTHSEX       COPA                 ,SE_ADT_ACTS BOTHSEX       EMAIL                 ,SE_ADT_ACTS BOTHSEX       EPRS                 ,SE_ADT_ACTS BOTHSEX       INST                 ,SE_ADT_ACTS BOTHSEX       PCPR                 ,SE_ADT_ACTS BOTHSEX       SOFT                 ,SE_ADT_ACTS BOTHSEX       TRAF                 
SE_ADT_ACTS BOTHSEX       ARSP                 ,1.0,0.9999936193470269,0.9999936193470269,0.9962842810230216,0.9999998598663153,0.9989521504717236,0.9999999999999885,0.9758592523968442,0.5227287288102173
SE_ADT_ACTS BOTHSEX       CMFL                 ,0.9999936193470269,1.0,1.0,0.9965855900689669,0.9999915880331286,0.9991092688892058,1.0,0.9766332155051699,0.5257707685073297
SE_ADT_ACTS BOTHSEX       COPA                 ,0.9999936193470269,1.0,1.0,0.9965855900689669,0.9999915880331286,0.9991092688892058,1.0,0.9766332155051699,0.5257707685073297
SE_ADT_ACTS BOTHSEX       EMAIL                 ,0.9962842810230216,0.9965855900689669,0.9965855900689669,1.0,0.9962385462360872,0.9991820224383362,0.9999999999999991,0.9910431118815649,0.5942084716726826
SE_ADT_ACTS BOTHSEX       EPRS                 ,0.9999998598663153,0.9999915880331286,0.9999915880331286,0.9962385462360872,1.0,0.998927781405463,0.9999999999999901,0.9757434938761439,0.5222773401401123
SE_ADT_ACTS BOTHSEX       INST                 ,0.9989521504717236,0.9991092688892058,0.9991092688892058,0.9991820224383362,0.998927781405463,1.0,0.9999999999999856,0.9848321871631954,0.561197152621423
SE_ADT_ACTS BOTHSEX       PCPR                 ,0.9999999999999885,1.0,1.0,0.9999999999999991,0.9999999999999901,0.9999999999999856,1.0,1.0000000000000004,1.0
SE_ADT_ACTS BOTHSEX       SOFT                 ,0.9758592523968442,0.9766332155051699,0.9766332155051699,0.9910431118815649,0.9757434938761439,0.9848321871631954,1.0000000000000004,1.0,0.6962957762100772
SE_ADT_ACTS BOTHSEX       TRAF                 ,0.5227287288102173,0.5257707685073297,0.5257707685073297,0.5942084716726826,0.5222773401401123,0.561197152621423,1.0,0.6962957762100772,1.0
