UniqueID,SH_DYN_IMRT BOTHSEX                 <1Y       ,SH_DYN_IMRTN BOTHSEX                 <1Y       ,SH_DYN_MORT BOTHSEX                 <5Y       ,SH_DYN_MORTN BOTHSEX                 <5Y       
SH_DYN_IMRT BOTHSEX                 <1Y       ,1.0,0.9999446951780946,0.9997685246369137,0.9999557874889655
SH_DYN_IMRTN BOTHSEX                 <1Y       ,0.9999446951780946,1.0,0.9997024849391843,0.9999925548186753
SH_DYN_MORT BOTHSEX                 <5Y       ,0.9997685246369137,0.9997024849391843,1.0,0.9997809347831481
SH_DYN_MORTN BOTHSEX                 <5Y       ,0.9999557874889655,0.9999925548186753,0.9997809347831481,1.0
