UniqueID,TM_TRF_ZERO             AGR            ,TM_TRF_ZERO             ALP            ,TM_TRF_ZERO             ARM            ,TM_TRF_ZERO             CLO            ,TM_TRF_ZERO             IND            ,TM_TRF_ZERO             OIL            ,TM_TRF_ZERO             TEX            
TM_TRF_ZERO             AGR            ,1.0,0.9958765497571697,-0.5774251751641926,0.8701526554170083,0.9833834895692294,-0.6367392065643643,0.6899068126609996
TM_TRF_ZERO             ALP            ,0.9958765497571697,1.0,-0.5498363194910695,0.8386491779201645,0.9953951834699297,-0.6872345797994561,0.6347731705150086
TM_TRF_ZERO             ARM            ,-0.5774251751641926,-0.5498363194910695,1.0,-0.8407910078243577,-0.5328175087030379,-0.17733478199162575,-0.25100532661516295
TM_TRF_ZERO             CLO            ,0.8701526554170083,0.8386491779201645,-0.8407910078243577,1.0,0.8002474427231135,-0.22200318577003386,0.6810278187980412
TM_TRF_ZERO             IND            ,0.9833834895692294,0.9953951834699297,-0.5328175087030379,0.8002474427231135,1.0,-0.7185004343130298,0.5626968356526683
TM_TRF_ZERO             OIL            ,-0.6367392065643643,-0.6872345797994561,-0.17733478199162575,-0.22200318577003386,-0.7185004343130298,1.0,-0.31204500500326976
TM_TRF_ZERO             TEX            ,0.6899068126609996,0.6347731705150086,-0.25100532661516295,0.6810278187980412,0.5626968356526683,-0.31204500500326976,1.0
