UniqueID,SH_SAN_DEFECT          ALLAREA               ,SH_SAN_DEFECT          RURAL               ,SH_SAN_DEFECT          URBAN               ,SH_SAN_HNDWSH          ALLAREA               ,SH_SAN_HNDWSH          RURAL               ,SH_SAN_HNDWSH          URBAN               
SH_SAN_DEFECT          ALLAREA               ,1.0,0.9903679207462734,0.9817719423516801,-0.9903516338610441,-0.9933171698967566,-0.9928257986341015
SH_SAN_DEFECT          RURAL               ,0.9903679207462734,1.0,0.9849044903120581,-0.9882887140690088,-0.9882843099915734,-0.9847946269017427
SH_SAN_DEFECT          URBAN               ,0.9817719423516801,0.9849044903120581,1.0,-0.9742456318613965,-0.9758928571428572,-0.9681729956037516
SH_SAN_HNDWSH          ALLAREA               ,-0.9903516338610441,-0.9882887140690088,-0.9742456318613965,1.0,0.998489532377763,0.9975079568072655
SH_SAN_HNDWSH          RURAL               ,-0.9933171698967566,-0.9882843099915734,-0.9758928571428572,0.998489532377763,1.0,0.9979459692726597
SH_SAN_HNDWSH          URBAN               ,-0.9928257986341015,-0.9847946269017427,-0.9681729956037516,0.9975079568072655,0.9979459692726597,1.0
