UniqueID,EN_ATM_CO2                     ISIC4_C10T32X19    ,EN_ATM_CO2                     TOTAL    ,EN_ATM_CO2GDP                         ,EN_ATM_CO2MVA                     ISIC4_C    
EN_ATM_CO2                     ISIC4_C10T32X19    ,1.0,0.6606419195048892,0.6054729169059256,0.833011040279077
EN_ATM_CO2                     TOTAL    ,0.6606419195048892,1.0,-0.069407540024705,0.15095125673065013
EN_ATM_CO2GDP                         ,0.6054729169059256,-0.069407540024705,1.0,0.9094915143304856
EN_ATM_CO2MVA                     ISIC4_C    ,0.833011040279077,0.15095125673065013,0.9094915143304856,1.0
