UniqueID,SH_MED_DEN               DENT          ,SH_MED_DEN               NURSMID          ,SH_MED_DEN               PHAR          ,SH_MED_DEN               PHYS          ,SH_MED_HWRKDIS FEMALE              NURS          ,SH_MED_HWRKDIS FEMALE              PHYS          ,SH_MED_HWRKDIS MALE              NURS          ,SH_MED_HWRKDIS MALE              PHYS          
SH_MED_DEN               DENT          ,1.0,0.9440775338628163,-0.4204856601337025,0.9861905711773273,1.0,,-1.0000000000000007,
SH_MED_DEN               NURSMID          ,0.9440775338628163,1.0,-0.5833609137446987,0.9637954896625198,,,,
SH_MED_DEN               PHAR          ,-0.4204856601337025,-0.5833609137446987,1.0,-0.4421841482684729,-1.0,,1.0000000000000009,
SH_MED_DEN               PHYS          ,0.9861905711773273,0.9637954896625198,-0.4421841482684729,1.0,0.9999999999999999,,-1.0000000000000007,
SH_MED_HWRKDIS FEMALE              NURS          ,1.0,,-1.0,0.9999999999999999,1.0,,-1.0000000000000007,
SH_MED_HWRKDIS FEMALE              PHYS          ,,,,,,,,
SH_MED_HWRKDIS MALE              NURS          ,-1.0000000000000007,,1.0000000000000009,-1.0000000000000007,-1.0000000000000007,,1.0,
SH_MED_HWRKDIS MALE              PHYS          ,,,,,,,,
