UniqueID,AG_PRD_FIESMS BOTHSEX                 ALLAGE       ,AG_PRD_FIESMSN BOTHSEX             A    ALLAGE       ,AG_PRD_FIESS BOTHSEX             A    ALLAGE       ,AG_PRD_FIESSN BOTHSEX             A    ALLAGE       
AG_PRD_FIESMS BOTHSEX                 ALLAGE       ,1.0,0.9845286333410286,0.9722551532327056,0.9886753861312623
AG_PRD_FIESMSN BOTHSEX             A    ALLAGE       ,0.9845286333410286,1.0,0.9238483452296667,0.9979899763253082
AG_PRD_FIESS BOTHSEX             A    ALLAGE       ,0.9722551532327056,0.9238483452296667,1.0,0.9371820656451798
AG_PRD_FIESSN BOTHSEX             A    ALLAGE       ,0.9886753861312623,0.9979899763253082,0.9371820656451798,1.0
