UniqueID,ER_H2O_WUEYST                     INDUSTRIES    ,ER_H2O_WUEYST                     ISIC4_A01_A0210_A0322    ,ER_H2O_WUEYST                     ISIC4_GTT    ,ER_H2O_WUEYST                     TOTAL    
ER_H2O_WUEYST                     INDUSTRIES    ,1.0,0.5516457943079939,0.9633737239199306,0.9595240812284734
ER_H2O_WUEYST                     ISIC4_A01_A0210_A0322    ,0.5516457943079939,1.0,0.4850962000671453,0.4310584471702248
ER_H2O_WUEYST                     ISIC4_GTT    ,0.9633737239199306,0.4850962000671453,1.0,0.9977825098655163
ER_H2O_WUEYST                     TOTAL    ,0.9595240812284734,0.4310584471702248,0.9977825098655163,1.0
