UniqueID,SH_PRV_SMOK BOTHSEX                 15+       ,SH_PRV_SMOK FEMALE                 15+       ,SH_PRV_SMOK MALE                 15+       
SH_PRV_SMOK BOTHSEX                 15+       ,1.0,0.8992288030258968,-0.7567450038061346
SH_PRV_SMOK FEMALE                 15+       ,0.8992288030258968,1.0,-0.9503552146020479
SH_PRV_SMOK MALE                 15+       ,-0.7567450038061346,-0.9503552146020479,1.0
