UniqueID,SH_XPD_EARN10                         ,SH_XPD_EARN25                         
SH_XPD_EARN10                         ,1.0,0.7223838846370456
SH_XPD_EARN25                         ,0.7223838846370456,1.0
