UniqueID,ER_H2O_WUEYST                     INDUSTRIES    ,ER_H2O_WUEYST                     ISIC4_A01_A0210_A0322    ,ER_H2O_WUEYST                     ISIC4_GTT    ,ER_H2O_WUEYST                     TOTAL    
ER_H2O_WUEYST                     INDUSTRIES    ,1.0,0.5516457943079921,0.9633737239199304,0.9595240812284733
ER_H2O_WUEYST                     ISIC4_A01_A0210_A0322    ,0.5516457943079921,1.0,0.4850962000671442,0.4310584471702239
ER_H2O_WUEYST                     ISIC4_GTT    ,0.9633737239199304,0.4850962000671442,1.0,0.9977825098655165
ER_H2O_WUEYST                     TOTAL    ,0.9595240812284733,0.4310584471702239,0.9977825098655165,1.0
