UniqueID,EG_ACS_ELEC          ALLAREA               ,EG_ACS_ELEC          RURAL               ,EG_ACS_ELEC          URBAN               
EG_ACS_ELEC          ALLAREA               ,1.0,0.9564422442668701,0.552816232231331
EG_ACS_ELEC          RURAL               ,0.9564422442668701,1.0,0.4749789427930457
EG_ACS_ELEC          URBAN               ,0.552816232231331,0.4749789427930457,1.0
