UniqueID,IT_NET_BBND      10MBPS                   ,IT_NET_BBND      256KT2MBPS                   ,IT_NET_BBND      2MT10MBPS                   ,IT_NET_BBND      ANYS                   ,IT_NET_BBNDN      10MBPS                   ,IT_NET_BBNDN      256KT2MBPS                   ,IT_NET_BBNDN      2MT10MBPS                   ,IT_NET_BBNDN      ANYS                   
IT_NET_BBND      10MBPS                   ,1.0,-0.7135079615833689,-0.8509837846513467,0.9055058427990283,0.9999997770103405,-0.7018623537933751,-0.843644516181131,0.9113665014416035
IT_NET_BBND      256KT2MBPS                   ,-0.7135079615833689,1.0,0.2392094682832029,-0.34877737686989885,-0.713975706392278,0.9998641482454194,0.2257681255616521,-0.36188384439080296
IT_NET_BBND      2MT10MBPS                   ,-0.8509837846513467,0.2392094682832029,1.0,-0.993427487426876,-0.8506328628780416,0.2231726306925912,0.9999045032053104,-0.9917249192553725
IT_NET_BBND      ANYS                   ,0.9055058427990283,-0.34877737686989885,-0.993427487426876,1.0,0.9052222636470827,-0.3332821553195753,-0.9917507695179623,0.9999658721829656
IT_NET_BBNDN      10MBPS                   ,0.9999997770103405,-0.713975706392278,-0.8506328628780416,0.9052222636470827,1.0,-0.7023378915998522,-0.8432857757778012,0.9110914276310896
IT_NET_BBNDN      256KT2MBPS                   ,-0.7018623537933751,0.9998641482454194,0.2231726306925912,-0.3332821553195753,-0.7023378915998522,1.0,0.20968015318509198,-0.3464689667055772
IT_NET_BBNDN      2MT10MBPS                   ,-0.843644516181131,0.2257681255616521,0.9999045032053104,-0.9917507695179623,-0.8432857757778012,0.20968015318509198,1.0,-0.9898560239376321
IT_NET_BBNDN      ANYS                   ,0.9113665014416035,-0.36188384439080296,-0.9917249192553725,0.9999658721829656,0.9110914276310896,-0.3464689667055772,-0.9898560239376321,1.0
