UniqueID,TimePeriod,EN_MAR_BEALITSQ                         ,EN_MAR_CHLANM                    High     ,EN_MAR_CHLANM                    Moderate     ,EN_MAR_CHLDEV                         
TimePeriod,1.0,-0.984966040891433,-0.19507518770396837,-0.3701358895869583,0.4527519297573753
EN_MAR_BEALITSQ                         ,-0.984966040891433,1.0,,,-0.20759292733398996
EN_MAR_CHLANM                    High     ,-0.19507518770396837,,1.0,0.9833347026630309,1.0000000000000002
EN_MAR_CHLANM                    Moderate     ,-0.3701358895869583,,0.9833347026630309,1.0,1.0
EN_MAR_CHLDEV                         ,0.4527519297573753,-0.20759292733398996,1.0000000000000002,1.0,1.0
