UniqueID,TimePeriod,DC_ODA_BDVL                         
TimePeriod,1.0,0.29271369567954203
DC_ODA_BDVL                         ,0.29271369567954203,1.0
