UniqueID,TimePeriod,IT_USE_ii99                         
TimePeriod,1.0,0.9676451541321031
IT_USE_ii99                         ,0.9676451541321031,1.0
