UniqueID,TimePeriod,EN_ATM_PM25          ALLAREA               ,EN_ATM_PM25          RURAL               ,EN_ATM_PM25          URBAN               
TimePeriod,1.0,0.5629097635267272,0.5680570336510762,0.537890349483896
EN_ATM_PM25          ALLAREA               ,0.5629097635267272,1.0,0.9833672365428743,0.9885586702974177
EN_ATM_PM25          RURAL               ,0.5680570336510762,0.9833672365428743,1.0,0.9452006333559929
EN_ATM_PM25          URBAN               ,0.537890349483896,0.9885586702974177,0.9452006333559929,1.0
