UniqueID,TimePeriod,ST_EEV_ACCSEEA                         ,ST_EEV_ACCTSA                         ,ST_EEV_STDACCT                         
TimePeriod,1.0,-0.5773502691896257,0.8728715609439694,0.6662825314191775
ST_EEV_ACCSEEA                         ,-0.5773502691896257,1.0,-0.3779644730092272,0.06788442333021306
ST_EEV_ACCTSA                         ,0.8728715609439694,-0.3779644730092272,1.0,0.8980265101338745
ST_EEV_STDACCT                         ,0.6662825314191775,0.06788442333021306,0.8980265101338745,1.0
