UniqueID,TimePeriod,TM_TRF_ZERO             AGR            ,TM_TRF_ZERO             ALP            ,TM_TRF_ZERO             ARM            ,TM_TRF_ZERO             CLO            ,TM_TRF_ZERO             IND            ,TM_TRF_ZERO             OIL            ,TM_TRF_ZERO             TEX            
TimePeriod,1.0,0.8246483029129814,0.7707882135574439,-0.605389091869987,0.8972548713141109,0.7083843746027587,-0.22175512446006226,0.9199921064439488
TM_TRF_ZERO             AGR            ,0.8246483029129814,1.0,0.9958765497571702,-0.5774251751641938,0.8701526554170088,0.9833834895692295,-0.6367392065643657,0.6899068126609987
TM_TRF_ZERO             ALP            ,0.7707882135574439,0.9958765497571702,1.0,-0.5498363194910697,0.8386491779201637,0.9953951834699292,-0.6872345797994567,0.6347731705150077
TM_TRF_ZERO             ARM            ,-0.605389091869987,-0.5774251751641938,-0.5498363194910697,1.0,-0.8407910078243579,-0.5328175087030376,-0.17733478199162475,-0.2510053266151639
TM_TRF_ZERO             CLO            ,0.8972548713141109,0.8701526554170088,0.8386491779201637,-0.8407910078243579,1.0,0.8002474427231123,-0.22200318577003436,0.681027818798041
TM_TRF_ZERO             IND            ,0.7083843746027587,0.9833834895692295,0.9953951834699292,-0.5328175087030376,0.8002474427231123,1.0,-0.7185004343130301,0.5626968356526671
TM_TRF_ZERO             OIL            ,-0.22175512446006226,-0.6367392065643657,-0.6872345797994567,-0.17733478199162475,-0.22200318577003436,-0.7185004343130301,1.0,-0.31204500500326937
TM_TRF_ZERO             TEX            ,0.9199921064439488,0.6899068126609987,0.6347731705150077,-0.2510053266151639,0.681027818798041,0.5626968356526671,-0.31204500500326937,1.0
