UniqueID,TimePeriod,SM_DTH_MIGR                         
TimePeriod,1.0,0.06826614510317425
SM_DTH_MIGR                         ,0.06826614510317425,1.0
