UniqueID,TimePeriod,DT_TDS_DECT                         
TimePeriod,1.0,0.36819432908336597
DT_TDS_DECT                         ,0.36819432908336597,1.0
