UniqueID,TimePeriod,ST_GDP_ZS                         
TimePeriod,1.0,0.48795003647426555
ST_GDP_ZS                         ,0.48795003647426555,1.0
