UniqueID,TimePeriod,SG_DSR_SILN                         ,SG_DSR_SILS                         ,SG_GOV_LOGV                         
TimePeriod,1.0,-0.3689589030113489,-0.36890571176295667,
SG_DSR_SILN                         ,-0.3689589030113489,1.0,0.9999999957458807,
SG_DSR_SILS                         ,-0.36890571176295667,0.9999999957458807,1.0,
SG_GOV_LOGV                         ,,,,
